Connection Date,TAGS,Primary Contact Name,Primary Contact Email,Cell Number,Opportunity Name,Opportunity Owner,Opportunity Followers,LI Connection LI Profile URL,Next Steps,Pipeline,Pipeline Stage
8/10/2026,"gm_nonprofits_all, gm_npo_leader",Bryan Billy,bryan.billy@teachforamerica.org,,"Bryan Billy, NPO Leader",Lathen Hayes,Martiel Beatty,https://www.linkedin.com/in/bryan-billy/,,Lathen LinkedIn Outreach,M: Request a Networking Call
8/10/2026,"gm_nonprofits_all, gm_npo_leader",Jake Camp,,336-817-6091,"Jake Camp, NPO Leader",Lathen Hayes,Martiel Beatty,https://www.linkedin.com/in/jacobccamp/,,Lathen LinkedIn Outreach,M: Request a Networking Call
8/10/2026,"gm_nonprofits_all, gm_npo_leader",Juliet Buder,jkbuder@gmail.com,,"Juliet Buder, NPO Leader",Lathen Hayes,Martiel Beatty,https://www.linkedin.com/in/juliet-buder-32571117/,,Lathen LinkedIn Outreach,M: Request a Networking Call
8/10/2026,"gm_nonprofits_all, gm_npo_leader",Kikelomo Adisa,kikscide@yahoo.com,,"Kikelomo Adisa, NPO Leader",Lathen Hayes,Martiel Beatty,https://www.linkedin.com/in/kikelomo-adisa-acipm-hrpl-b852087a/,,Lathen LinkedIn Outreach,M: Request a Networking Call
8/10/2026,"gm_nonprofits_all, gm_npo_leader",Rebecca Firth,rebecca.m.firth@gmail.com,,"Rebecca Firth, NPO Leader",Lathen Hayes,Martiel Beatty,https://www.linkedin.com/in/rebecca-firth/,,Lathen LinkedIn Outreach,M: Request a Networking Call
8/10/2026,"gm_nonprofits_all, gm_npo_leader",Amy Lindner,amyklindner@gmail.com,315-382-4226,"Amy Lindner, NPO Leader",Lathen Hayes,Martiel Beatty,https://www.linkedin.com/in/amy-lindner-msw-mpa-2788b65/,,Lathen LinkedIn Outreach,M: Request a Networking Call
8/10/2026,"gm_nonprofits_all, gm_npo_leader",Art Smith,art.smith@agsmithassoc.com,615-260-8909,"Art Smith, NPO Leader",Lathen Hayes,Martiel Beatty,https://www.linkedin.com/in/artgsmith/,,Lathen LinkedIn Outreach,M: Request a Networking Call
8/10/2026,"gm_nonprofits_all, gm_npo_leader",Megan Parks,jparks02@syr.edu,,"Megan Parks, NPO Leader",Lathen Hayes,Martiel Beatty,https://www.linkedin.com/in/megan-parks-mpa-netnswva111662/,,Lathen LinkedIn Outreach,M: Request a Networking Call
8/10/2026,"gm_nonprofits_all, gm_npo_leader",Tim Kitts,tkitts874@gmail.com,,"Tim Kitts, NPO Leader",Lathen Hayes,Martiel Beatty,https://www.linkedin.com/in/tim-kitts-0ba61459/,,Lathen LinkedIn Outreach,M: Request a Networking Call
8/10/2026,"gm_nonprofits_all, gm_npo_leader",Melisa Kelley,melissa.kelley603@gmail.com,,"Melissa Kelley, NPO Leader",Lathen Hayes,Martiel Beatty,https://www.linkedin.com/in/melissakelleycfre/,,Lathen LinkedIn Outreach,M: Request a Networking Call
8/10/2026,"gm_nonprofits_all, gm_npo_leader",Chris Swanson,cswansonbaltimore@gmail.com,443-739-1242,"Chris Swanson, NPO Leader",Lathen Hayes,Martiel Beatty,https://www.linkedin.com/in/drchristopherswanson/,,Lathen LinkedIn Outreach,M: Request a Networking Call
8/10/2026,"gm_npo_leader, gm_nonprofits_all",Katie Connors-Mathew,katieconnors43@gmail.com,,"Katie Connors-Mathew, NPO Leader",Lathen Hayes,Martiel Beatty,https://www.linkedin.com/in/katienconnors/,,Lathen LinkedIn Outreach,M: Request a Networking Call
8/10/2026,"gm_nonprofits_all, gm_npo_leader",Jill Davis,jilleryan@gmail.com,,"Jill Davis, NPO Leader",Lathen Hayes,Martiel Beatty,https://www.linkedin.com/in/jill-ryan-davis/,,Lathen LinkedIn Outreach,M: Request a Networking Call
8/10/2026,"gm_nonprofits_all, gm_npo_leader",Duane Rohrbacher,,,"Duane Rohrbacher, NPO Leader",Lathen Hayes,Martiel Beatty,https://www.linkedin.com/in/duanerohrbacher/,,Lathen LinkedIn Outreach,M: Request a Networking Call
8/11/2026,gm_marketing_director,Katie Hawkes,katiehawkes18@gmail.com,,"Katie Hawkes, Marketing Director",Lathen Hayes,Martiel Beatty,https://www.linkedin.com/in/katiemhawkes/,,Lathen LinkedIn Outreach,M: Request a Networking Call
8/11/2026,gm_marketing_director,Katy Cherkas,kateryna.cherkas@gmail.com,,"Katy Cherkas, Marketing Director",Lathen Hayes,Martiel Beatty,https://www.linkedin.com/in/katy-cherkas/,,Lathen LinkedIn Outreach,M: Request a Networking Call
8/11/2026,"gm_nonprofits_all, gm_npo_leader",Clare O'Donnell Truong,odonnell.claire91@gmail.com,,"Clare O'Donnell Truong, NPO Leader",Lathen Hayes,Martiel Beatty,https://www.linkedin.com/in/claire-o-donnell-truong-b03627114/,,Lathen LinkedIn Outreach,M: Request a Networking Call
8/11/2026,"gm_nonprofits_all, gm_npo_leader, gm_development_director",Isabela Cabrera,isabelacabreraduarte@gmail.com,772-985-5464,"Isabela Cabrera, NPO Leader",Lathen Hayes,Martiel Beatty,https://www.linkedin.com/in/isabela-cabrera-1844842a2/,,Lathen LinkedIn Outreach,M: Request a Networking Call
8/11/2026,"gm_development_director, gm_nonprofits_all, gm_npo_leader",McKenzie Ketron,mckenziegtempleton@gmail.com,,"McKenzie Ketron, NPO Leader",Lathen Hayes,Martiel Beatty,https://www.linkedin.com/in/mckenzietempleton/,,Lathen LinkedIn Outreach,M: Request a Networking Call
8/11/2026,"gm_development_director, gm_nonprofits_all, gm_npo_leader",Maria Andrea Joshua Riño,rinoandreajoshua@gmail.com,,"Maria Andrea Joshua Riño, NPO Leader",Lathen Hayes,Martiel Beatty,https://www.linkedin.com/in/rinoandreajoshua/,,Lathen LinkedIn Outreach,M: Request a Networking Call
8/11/2026,"gm_nonprofits_all, gm_npo_leader, gm_development_director",Tia LaFavor,tia.lafavor@gmail.com,660-525-3892,"Tia LaFavor, NPO Leader",Lathen Hayes,Martiel Beatty,https://www.linkedin.com/in/tia-lafavor/,,Lathen LinkedIn Outreach,M: Request a Networking Call
8/11/2026,"gm_development_director, gm_nonprofits_all, gm_npo_leader",Isaac Iniguez,,,"Isaac Iniguez, NPO Leader",Lathen Hayes,Martiel Beatty,https://www.linkedin.com/in/isaac-iniguez-725759179/,,Lathen LinkedIn Outreach,M: Request a Networking Call
8/11/2026,"gm_nonprofits_all, gm_npo_leader",Eric Campfield,ecampfield@gmail.com,,"Eric Campfield, NPO Leader",Lathen Hayes,Martiel Beatty,https://www.linkedin.com/in/eric-gonzalez-campfield-272a8980/,,Lathen LinkedIn Outreach,M: Request a Networking Call
8/11/2026,gm_marketing_director,Nick Severino,n.severino@comcast.net,,"Nick Severino, Marketing Director",Lathen Hayes,Martiel Beatty,https://www.linkedin.com/in/eric-gonzalez-campfield-272a8980/,,Lathen LinkedIn Outreach,M: Request a Networking Call
8/11/2026,"gm_development_director, gm_marketing_director, gm_nonprofits_all, gm_npo_leader",Caroline Dintelmann,carolinedintelmann@gmail.com,,"Caroline Dintelmann, NPO Leader",Lathen Hayes,Martiel Beatty,https://www.linkedin.com/in/caroline-dintelmann/,,Lathen LinkedIn Outreach,M: Request a Networking Call
8/11/2026,"gm_npo_leader, gm_nonprofits_all",Joshua Morgan-Sweeney,joshua@catalystnc.net,336 777-6266,"Joshua Morgan-Sweeney, NPO Leader",Lathen Hayes,Martiel Beatty,https://www.linkedin.com/in/joshuatoddsweeney/,,Lathen LinkedIn Outreach,M: Request a Networking Call
8/11/2026,"gm_npo_leader, gm_nonprofits_all",Anna Schoon,annamschoon@gmail.com,219-794-1829 219-794-2314,"Anna Schoon, NPO Leader",Lathen Hayes,Martiel Beatty,https://www.linkedin.com/in/annamschoon/,,Lathen LinkedIn Outreach,M: Request a Networking Call
8/11/2026,"gm_npo_leader, gm_nonprofits_all",Monica Shae,mjfrat@hotmail.com,,"Monica Shae, NPO Leader",Lathen Hayes,Martiel Beatty,https://www.linkedin.com/in/monica-shea-145338/,,Lathen LinkedIn Outreach,M: Request a Networking Call
8/11/2026,"gm_development_director, gm_nonprofits_all, gm_npo_leader",Michael Andreasen,miandre@unc.edu,,"Michael Andreasen, NPO Leader",Lathen Hayes,Martiel Beatty,https://www.linkedin.com/in/mike-andreasen/,,Lathen LinkedIn Outreach,M: Request a Networking Call
8/11/2026,"gm_npo_leader, gm_nonprofits_all, gm_development_director",Carly Eldstrom,,929-295-2613,"Carly Eldstrom, NPO Leader",Lathen Hayes,Martiel Beatty,https://www.linkedin.com/in/carlyeldstrom/,,Lathen LinkedIn Outreach,M: Request a Networking Call
8/11/2026,"gm_npo_leader, gm_nonprofits_all",Tamara Dourney,tdourney@gmail.com,,"Tamara Dourney, NPO Leader",Lathen Hayes,Martiel Beatty,https://www.linkedin.com/in/tamaradourney/,,Lathen LinkedIn Outreach,M: Request a Networking Call
8/11/2026,gm_business_owner,James Hock,jrhock77@gmail.com,423-525-4034,"James Hock, Business Owner",Lathen Hayes,Martiel Beatty,https://www.linkedin.com/in/james-hock-9445b8143/,,Lathen LinkedIn Outreach,M: Request a Networking Call
8/11/2026,gm_marketing_director,David Zapata,zapata.d@outlook.com,513-739-0286,"David Zapata, Marketing Director",Lathen Hayes,Martiel Beatty,https://www.linkedin.com/in/davezapata/,,Lathen LinkedIn Outreach,M: Request a Networking Call
8/11/2026,"gm_nonprofits_all, gm_npo_leader",Jeff Brown,jabrown822@gmail.com,,"Jeff Brown, NPO Leader",Lathen Hayes,Martiel Beatty,https://www.linkedin.com/in/jeff-brown-a06631a3/,,Lathen LinkedIn Outreach,M: Request a Networking Call
8/11/2026,"gm_marketing_director, gm_development_director, gm_nonprofits_all, gm_npo_leader",Jason Skinner,jasonaskinner1@gmail.com,,"Jason Skinner, NPO Leader",Lathen Hayes,Martiel Beatty,https://www.linkedin.com/in/jasonalanskinner/,,Lathen LinkedIn Outreach,M: Request a Networking Call
8/11/2026,"gm_development_director, gm_npo_leader, gm_nonprofits_all",Matt Janey,mjaney15@gmail.com,,"Matt Janey, NPO Leader",Lathen Hayes,Martiel Beatty,https://www.linkedin.com/in/matt-janey-956014a2/,,Lathen LinkedIn Outreach,M: Request a Networking Call
8/11/2026,"gm_development_director, gm_nonprofits_all, gm_npo_leader",Allison Strekal,amariebeck@gmail.com,,"Allison Strekal, NPO Leader",Lathen Hayes,Martiel Beatty,https://www.linkedin.com/in/allisonstrekal/,,Lathen LinkedIn Outreach,M: Request a Networking Call
8/11/2026,gm_marketing_director,Lauren Fish,laurenfish75@yahoo.com,857-222-7477,"Lauren Fish, Marketing Director",Lathen Hayes,Martiel Beatty,https://www.linkedin.com/in/laurenmfish/,,Lathen LinkedIn Outreach,M: Request a Networking Call
8/11/2026,"gm_nonprofits_all, gm_npo_leader",Brett Hampton,bretkoch@icloud.com,785-840-8297,"Brett Hampton, NPO Leader",Lathen Hayes,Martiel Beatty,https://www.linkedin.com/in/bretlhampton/,,Lathen LinkedIn Outreach,M: Request a Networking Call
8/12/2026,"gm_nonprofits_all, gm_npo_leader",Anita Thapa,anita@hamropalo.org.np,,"Anita Thapa, NPO Leader",Lathen Hayes,Martiel Beatty,https://www.linkedin.com/in/anitathapa99/,,Lathen LinkedIn Outreach,M: Request a Networking Call
8/12/2026,"gm_nonprofits_all, gm_npo_leader",Jen Crowe,jencrowe709@gmail.com,,"Jen Crowe, NPO Leader",Lathen Hayes,Martiel Beatty,https://www.linkedin.com/in/jcrowenl/,,Lathen LinkedIn Outreach,M: Request a Networking Call
8/12/2026,"gm_nonprofits_all, gm_npo_leader",Kelly Fragassi,,,"Kelly Fragassi, NPO Leader",Lathen Hayes,Martiel Beatty,https://www.linkedin.com/in/kellyafragassi/,,Lathen LinkedIn Outreach,M: Request a Networking Call
8/12/2026,gm_marketing_director,Frederic Vandersmissen,vandersmissenf@gmail.com,,"Frederic Vandersmissen, Marketing Director",Lathen Hayes,Martiel Beatty,https://www.linkedin.com/in/frederic-vandersmissen-01806660/,,Lathen LinkedIn Outreach,M: Request a Networking Call
8/12/2026,"gm_nonprofits_all, gm_npo_leader",Zack Wise,za.wise@yahoo.com,336-430-9715,"Zack Wise, NPO Leader",Lathen Hayes,Martiel Beatty,https://www.linkedin.com/in/zack-l-wise/,,Lathen LinkedIn Outreach,M: Request a Networking Call
8/12/2026,"gm_nonprofits_all, gm_npo_leader",Christina Martin Kenny,,,"Christina Martin Kenny, NPO Leader",Lathen Hayes,Martiel Beatty,https://www.linkedin.com/in/cmkenny/,,Lathen LinkedIn Outreach,M: Request a Networking Call
8/12/2026,gm_marketing_director,"Jen Martin",jen8808@icloud.com,,"Jen Martin, Marketing Director
",Lathen Hayes,Martiel Beatty,https://www.linkedin.com/in/jen-martin-b57723261/,,Lathen LinkedIn Outreach,M: Request a Networking Call
8/12/2026,"gm_marketing_director, gm_development_director",Sara Buettner,s.buettner03@gmail.com,,"Sara Buettner, Marketing Director",Lathen Hayes,Martiel Beatty,https://www.linkedin.com/in/sarabuettner/,,Lathen LinkedIn Outreach,M: Request a Networking Call
8/12/2026,"gm_marketing_director, gm_development_director",J. Conner Johanssen,cjohanssen37@gmail.com,,"J. Conner Johanssen, Marketing Director",Lathen Hayes,Martiel Beatty,https://www.linkedin.com/in/j-conner-johanssen/,,Lathen LinkedIn Outreach,M: Request a Networking Call
8/12/2026,"gm_marketing_director, gm_development_director",Laurie Felderman,laurie.felderman@yahoo.com,,"Laurie Felderman, Marketing Director",Lathen Hayes,Martiel Beatty,https://www.linkedin.com/in/laurie-felderman-7713715/,,Lathen LinkedIn Outreach,M: Request a Networking Call
8/12/2026,"gm_marketing_director, gm_development_director",Dania Lazuk,,,"Dania Lazuk, Marketing Director",Lathen Hayes,Martiel Beatty,https://www.linkedin.com/in/danialazuk/,,Lathen LinkedIn Outreach,M: Request a Networking Call
8/12/2026,"gm_development_director, gm_marketing_director",Danny Jimenez,deejay9999@gmail.com,,"Danny Jimenez, Marketing Director",Lathen Hayes,Martiel Beatty,https://www.linkedin.com/in/danny-jimenez-4023b088/,,Lathen LinkedIn Outreach,M: Request a Networking Call
8/13/2026,"gm_nonprofits_all, gm_npo_leader",Innocent Maholi,"
innocentmaholi@gmail.com
",,"Innnocent Maholi, NPO Leader",Lathen Hayes,Martiel Beatty,https://www.linkedin.com/in/innocentmaholi/,,Lathen LinkedIn Outreach,M: Request a Networking Call
8/13/2026,"gm_nonprofits_all, gm_npo_leader",Mike Dineen,mdineen930@gmail.com,,"Mike Dineen, NPO Leader",Lathen Hayes,Martiel Beatty,https://www.linkedin.com/in/mikedineen/,,Lathen LinkedIn Outreach,M: Request a Networking Call
8/13/2026,"gm_nonprofits_all, gm_npo_leader",Diane Litsey,diane@childrensdancefoundation.org,205-870-0073,"Diane Litsey, NPO Leader",Lathen Hayes,Martiel Beatty,https://www.linkedin.com/in/diane-litsey-baab944/,,Lathen LinkedIn Outreach,M: Request a Networking Call
8/13/2026,"gm_nonprofits_all, gm_npo_leader",Dani Austin,danielaaustin3@gmail.com,,"Dani Austin, NPO Leader",Lathen Hayes,Martiel Beatty,https://www.linkedin.com/in/dani-austin-a0186b132/,,Lathen LinkedIn Outreach,M: Request a Networking Call
8/13/2026,"gm_nonprofits_all, gm_npo_leader",Coleen LaCosta,coleenlacosta@gmail.com,561-408-7779,"Coleen LaCosta, NPO Leader",Lathen Hayes,Martiel Beatty,https://www.linkedin.com/in/coleenlacosta/,,Lathen LinkedIn Outreach,M: Request a Networking Call
8/13/2026,"gm_nonprofits_all, gm_npo_leader","Rebecca Stoner",rslong714@gmail.com,,"Rebecca Stoner, NPO Leader
",Lathen Hayes,Martiel Beatty,https://www.linkedin.com/in/rsmilwaukee/,,Lathen LinkedIn Outreach,M: Request a Networking Call
8/13/2026,"gm_nonprofits_all, gm_npo_leader",Jowharah Sanders,jowharahsanders@nveee.org,954.866.5880,"Jowharah Sanders, NPO Leader",Lathen Hayes,Martiel Beatty,https://www.linkedin.com/in/jowharahsanders/,,Lathen LinkedIn Outreach,M: Request a Networking Call
8/13/2026,"gm_npo_leader, gm_nonprofits_all",Stephanie Melson,stephaniemelson@sbcglobal.net,,"Stephanie Melson, NPO Leader",Lathen Hayes,Martiel Beatty,https://www.linkedin.com/in/stephanie-melson-b4869961/,,Lathen LinkedIn Outreach,M: Request a Networking Call
8/14/2026,"gm_development_director, gm_nonprofits_all, gm_npo_leader",Matthew Young,,,"Matthew Young, NPO Leader",Lathen Hayes,Martiel Beatty,https://www.linkedin.com/in/thematthewyoung/,,Lathen LinkedIn Outreach,M: Request a Networking Call
8/14/2026,"gm_development_director, gm_nonprofits_all, gm_npo_leader",Sarah Pita,sarahpita@gmail.com,,"Sarah Pita, NPO Leader",Lathen Hayes,Martiel Beatty,https://www.linkedin.com/in/sarahpita/,,Lathen LinkedIn Outreach,M: Request a Networking Call
8/14/2026,"gm_npo_leader, gm_nonprofits_all",Chris Kudera,chris.kudera@yahoo.com,,"Chris Kudera, NPO Leader",Lathen Hayes,Martiel Beatty,https://www.linkedin.com/in/chriskudera1/,,Lathen LinkedIn Outreach,M: Request a Networking Call
8/14/2026,gm_marketing_director,Adam Pohl,apohl@baysox.com,,"Adam Pohl, Marketing Director",Lathen Hayes,Martiel Beatty,https://www.linkedin.com/in/adam-pohl-4802621/,,Lathen LinkedIn Outreach,M: Request a Networking Call
8/15/2026,"gm_nonprofits_all, gm_npo_leader, gm_development_director",Danette O'Connell,doconnell@thenonprofitcooperative.org,,"Danette O'Connell, NPO Leader",Lathen Hayes,Martiel Beatty,https://www.linkedin.com/in/thenonprofitcooperative/,,Lathen LinkedIn Outreach,M: Request a Networking Call
8/15/2026,"gm_nonprofits_all, gm_npo_leader, gm_development_director",Troy Gagner,troygagner26@gmail.com,,"Troy Gagner, NPO Leader",Lathen Hayes,Martiel Beatty,https://www.linkedin.com/in/troygagner/,,Lathen LinkedIn Outreach,M: Request a Networking Call
8/15/2026,"gm_nonprofits_all, gm_npo_leader, gm_development_director",Alicia Smith,smith.aliciav@gmail.com,,"Alicia Smith, NPO Leader",Lathen Hayes,Martiel Beatty,https://www.linkedin.com/in/alicia-smith-13383066/,,Lathen LinkedIn Outreach,M: Request a Networking Call
8/15/2026,"gm_nonprofits_all, gm_npo_leader, gm_development_director",Mika Stambough,mikastambaugh@gmail.com,312-671-3040,"Mika Stambough, NPO Leader",Lathen Hayes,Martiel Beatty,https://www.linkedin.com/in/mikastambaugh/,,Lathen LinkedIn Outreach,M: Request a Networking Call
8/15/2026,"gm_nonprofits_all, gm_npo_leader",Bruce Burtch,"
bruce@bruceburtch.com",,"Bruce Burtch, NPO Leader",Lathen Hayes,Martiel Beatty,https://www.linkedin.com/in/bruceburtch/,,Lathen LinkedIn Outreach,M: Request a Networking Call
8/16/2026,"gm_nonprofits_all, gm_npo_leader, gm_development_director",Alice Ferris,alice.ferris@goalbusters.net,888-883-2690,"Alice Ferris, NPO Leader",Lathen Hayes,Martiel Beatty,https://www.linkedin.com/in/aliceferris/,,Lathen LinkedIn Outreach,M: Request a Networking Call
8/16/2026,gm_marketing_director,Domonic Webster,Dom@domwebster.com,443-717-4513,"Domonic Webster, Marketing Director",Lathen Hayes,Martiel Beatty,https://www.linkedin.com/in/dom-webster/,,Lathen LinkedIn Outreach,M: Request a Networking Call
8/16/2026,gm_marketing_director,Sabrina Pershing,pershingsabrina@gmail.com,423 737-3225,"Sabrina Pershing, Marketing Director",Lathen Hayes,Martiel Beatty,https://www.linkedin.com/in/sabrinapershing//,,Lathen LinkedIn Outreach,M: Request a Networking Call
8/16/2026,gm_marketing_director,Molly Hurley,molly.tipton@outlook.com,,"Molly Hurley, Marketing Director",Lathen Hayes,Martiel Beatty,https://www.linkedin.com/in/molly-hurley-57b110215/,,Lathen LinkedIn Outreach,M: Request a Networking Call
